qPCR,well,sample,type,IPC_Ct,inhibition_rate,hake_task,hake_Ct,hake_copies_ul,lamprey_task,lamprey_Ct,lamprey_copies_ul,eulachon_task,eulachon_Ct,eulachon_copies_ul
H5,A1,E05,gBlocks,28.562,2.366,STANDARD,20.427,100000.00,STANDARD,18.72,100000.00,STANDARD,20.593,"100,000.000"
H5,A2,E05,gBlocks,28.211,2.016,STANDARD,20.108,100000.00,STANDARD,18.40,100000.00,STANDARD,20.283,"100,000.000"
H5,A3,E05,gBlocks,28.422,2.227,STANDARD,20.199,100000.00,STANDARD,18.46,100000.00,STANDARD,20.305,"100,000.000"
H5,B1,E04,gBlocks,26.267,0.071,STANDARD,23.328,10000.00,STANDARD,21.60,10000.00,STANDARD,23.378,"10,000.000"
H5,B2,E04,gBlocks,26.081,-0.115,STANDARD,23.289,10000.00,STANDARD,21.70,10000.00,STANDARD,23.516,"10,000.000"
H5,B3,E04,gBlocks,25.989,-0.207,STANDARD,23.480,10000.00,STANDARD,21.72,10000.00,STANDARD,23.668,"10,000.000"
H5,C1,E03,gBlocks,26.204,0.008,STANDARD,26.893,1000.00,STANDARD,25.10,1000.00,STANDARD,26.953,"1,000.000"
H5,C2,E03,gBlocks,25.959,-0.237,STANDARD,26.746,1000.00,STANDARD,24.86,1000.00,STANDARD,26.604,"1,000.000"
H5,C3,E03,gBlocks,26.047,-0.149,STANDARD,26.903,1000.00,STANDARD,25.00,1000.00,STANDARD,26.925,"1,000.000"
H5,D1,E02,gBlocks,26.243,0.047,STANDARD,30.065,100.00,STANDARD,28.03,100.00,STANDARD,30.215,100.000
H5,D2,E02,gBlocks,26.227,0.031,STANDARD,30.322,100.00,STANDARD,28.29,100.00,STANDARD,30.013,100.000
H5,D3,E02,gBlocks,26.179,-0.017,STANDARD,30.293,100.00,STANDARD,28.08,100.00,STANDARD,29.882,100.000
H5,E2,E01,gBlocks,26.231,0.035,STANDARD,33.366,10.00,STANDARD,30.90,10.00,STANDARD,32.872,10.000
H5,E3,E01,gBlocks,26.272,0.076,STANDARD,34.558,10.00,STANDARD,31.19,10.00,STANDARD,32.813,10.000
H5,F1,E00,gBlocks,26.184,-0.012,STANDARD,34.602,1.00,STANDARD,33.64,1.00,UNKNOWN,35.305,1.000
H5,F2,E00,gBlocks,26.293,0.097,STANDARD,37.351,1.00,STANDARD,33.82,1.00,STANDARD,36.852,1.000
H5,F3,E00,gBlocks,26.271,0.075,STANDARD,37.148,1.00,STANDARD,34.86,1.00,STANDARD,35.065,1.000
H6,A1,E05,gBlocks,29.221,2.906,STANDARD,18.833,"100,000.000",STANDARD,19.478,"100,000.000",STANDARD,18.068,"100,000.000"
H6,A2,E05,gBlocks,30.171,3.856,STANDARD,18.480,"100,000.000",STANDARD,19.092,"100,000.000",STANDARD,17.672,"100,000.000"
H6,A3,E05,gBlocks,30.548,4.233,STANDARD,18.462,"100,000.000",STANDARD,18.967,"100,000.000",STANDARD,17.632,"100,000.000"
H6,B1,E04,gBlocks,26.524,0.209,STANDARD,21.683,"10,000.000",STANDARD,22.285,"10,000.000",STANDARD,20.890,"10,000.000"
H6,B2,E04,gBlocks,26.443,0.128,STANDARD,21.481,"10,000.000",STANDARD,22.222,"10,000.000",STANDARD,20.864,"10,000.000"
H6,B3,E04,gBlocks,25.941,-0.374,STANDARD,21.615,"10,000.000",STANDARD,22.261,"10,000.000",STANDARD,20.828,"10,000.000"
H6,C1,E03,gBlocks,26.258,-0.057,STANDARD,25.250,"1,000.000",STANDARD,25.647,"1,000.000",STANDARD,24.186,"1,000.000"
H6,C2,E03,gBlocks,26.129,-0.186,STANDARD,24.981,"1,000.000",STANDARD,25.398,"1,000.000",STANDARD,24.021,"1,000.000"
H6,C3,E03,gBlocks,25.994,-0.321,STANDARD,24.830,"1,000.000",STANDARD,25.429,"1,000.000",STANDARD,23.988,"1,000.000"
H6,D1,E02,gBlocks,26.260,-0.055,STANDARD,28.360,100.000,STANDARD,28.916,100.000,STANDARD,27.298,100.000
H6,D2,E02,gBlocks,26.161,-0.154,STANDARD,27.964,100.000,STANDARD,28.548,100.000,STANDARD,27.195,100.000
H6,D3,E02,gBlocks,26.313,-0.003,STANDARD,28.006,100.000,STANDARD,28.554,100.000,STANDARD,27.089,100.000
H6,E1,E01,gBlocks,26.178,-0.137,STANDARD,31.540,10.000,STANDARD,32.012,10.000,STANDARD,30.262,10.000
H6,E2,E01,gBlocks,26.243,-0.073,STANDARD,31.273,10.000,STANDARD,31.581,10.000,STANDARD,30.420,10.000
H6,E3,E01,gBlocks,26.343,0.028,STANDARD,32.188,10.000,STANDARD,31.758,10.000,STANDARD,30.299,10.000
H6,F1,E00,gBlocks,26.228,-0.087,STANDARD,35.734,1.000,STANDARD,Undetermined,1.000,STANDARD,32.965,1.000
H6,F2,E00,gBlocks,26.376,0.061,STANDARD,33.940,1.000,STANDARD,34.711,1.000,STANDARD,34.492,1.000
H6,F3,E00,gBlocks,26.260,-0.055,STANDARD,36.456,1.000,STANDARD,36.153,1.000,STANDARD,33.360,1.000
H7,F1,E00,gBlocks,26.448,-0.166,STANDARD,34.209,1.000,STANDARD,34.061,1.000,STANDARD,35.850,1.000
H7,F3,E00,gBlocks,26.650,0.036,STANDARD,35.668,1.000,STANDARD,34.563,1.000,STANDARD,34.865,1.000
H7,E1,E01,gBlocks,26.586,-0.028,STANDARD,31.256,10.000,STANDARD,30.569,10.000,STANDARD,31.735,10.000
H7,E2,E01,gBlocks,26.565,-0.049,STANDARD,31.179,10.000,STANDARD,31.304,10.000,STANDARD,32.405,10.000
H7,E3,E01,gBlocks,26.695,0.081,STANDARD,31.598,10.000,STANDARD,30.674,10.000,STANDARD,32.103,10.000
H7,D1,E02,gBlocks,26.461,-0.153,STANDARD,28.218,100.000,STANDARD,27.825,100.000,STANDARD,29.144,100.000
H7,D2,E02,gBlocks,26.626,0.012,STANDARD,28.301,100.000,STANDARD,27.730,100.000,STANDARD,28.966,100.000
H7,D3,E02,gBlocks,26.656,0.042,STANDARD,28.486,100.000,STANDARD,27.742,100.000,STANDARD,29.051,100.000
H7,C1,E03,gBlocks,26.501,-0.113,STANDARD,25.220,1000.000,STANDARD,24.765,1000.000,STANDARD,26.141,1000.000
H7,C2,E03,gBlocks,26.410,-0.204,STANDARD,25.085,1000.000,STANDARD,24.533,1000.000,STANDARD,25.779,1000.000
H7,C3,E03,gBlocks,26.339,-0.275,STANDARD,25.281,1000.000,STANDARD,24.688,1000.000,STANDARD,26.106,1000.000
H7,B1,E04,gBlocks,27.113,0.499,STANDARD,21.696,10000.000,STANDARD,21.274,10000.000,STANDARD,22.723,10000.000
H7,B2,E04,gBlocks,26.708,0.094,STANDARD,21.691,10000.000,STANDARD,21.227,10000.000,STANDARD,22.660,10000.000
H7,B3,E04,gBlocks,26.667,0.053,STANDARD,21.787,10000.000,STANDARD,21.350,10000.000,STANDARD,22.782,10000.000
H7,A1,E05,gBlocks,30.789,4.175,STANDARD,18.875,100000.000,STANDARD,18.495,100000.000,STANDARD,19.849,100000.000
H7,A2,E05,gBlocks,31.123,4.509,STANDARD,18.555,100000.000,STANDARD,18.083,100000.000,STANDARD,19.515,100000.000
H7,A3,E05,gBlocks,31.314,4.700,STANDARD,18.699,100000.000,STANDARD,18.216,100000.000,STANDARD,19.573,100000.000
H8,A1,E05,gBlocks,29.611,3.257,STANDARD,20.390,"100,000.000",STANDARD,19.607,"100,000.000",STANDARD,19.607,"100,000.000"
H8,A2,E05,gBlocks,30.529,4.176,STANDARD,20.014,"100,000.000",STANDARD,19.163,"100,000.000",STANDARD,19.163,"100,000.000"
H8,A3,E05,gBlocks,29.310,2.957,STANDARD,20.153,"100,000.000",STANDARD,19.223,"100,000.000",STANDARD,19.223,"100,000.000"
H8,B1,E04,gBlocks,26.440,0.087,STANDARD,23.357,"10,000.000",STANDARD,22.471,"10,000.000",STANDARD,22.471,"10,000.000"
H8,B2,E04,gBlocks,26.618,0.265,STANDARD,23.307,"10,000.000",STANDARD,22.604,"10,000.000",STANDARD,22.604,"10,000.000"
H8,B3,E04,gBlocks,26.111,-0.242,STANDARD,23.359,"10,000.000",STANDARD,22.495,"10,000.000",STANDARD,22.495,"10,000.000"
H8,C1,E03,gBlocks,26.276,-0.077,STANDARD,26.857,"1,000.000",STANDARD,25.760,"1,000.000",STANDARD,25.760,"1,000.000"
H8,C2,E03,gBlocks,26.231,-0.123,STANDARD,26.713,"1,000.000",STANDARD,25.645,"1,000.000",STANDARD,25.645,"1,000.000"
H8,C3,E03,gBlocks,26.215,-0.139,STANDARD,26.717,"1,000.000",STANDARD,25.771,"1,000.000",STANDARD,25.771,"1,000.000"
H8,D1,E02,gBlocks,26.338,-0.015,STANDARD,30.118,100.000,STANDARD,28.971,100.000,STANDARD,28.971,100.000
H8,D2,E02,gBlocks,26.384,0.031,STANDARD,29.908,100.000,STANDARD,28.897,100.000,STANDARD,28.897,100.000
H8,D3,E02,gBlocks,26.274,-0.079,STANDARD,30.005,100.000,STANDARD,28.801,100.000,STANDARD,28.801,100.000
H8,E1,E01,gBlocks,26.477,0.124,STANDARD,33.592,10.000,STANDARD,32.239,10.000,STANDARD,32.239,10.000
H8,E2,E01,gBlocks,26.361,0.008,STANDARD,32.848,10.000,STANDARD,32.045,10.000,STANDARD,32.045,10.000
H8,E3,E01,gBlocks,26.343,-0.011,STANDARD,32.981,10.000,STANDARD,32.102,10.000,STANDARD,32.102,10.000
H8,F1,5,gBlocks,26.392,0.039,STANDARD,33.412,5.000,STANDARD,32.956,5.000,STANDARD,32.956,5.000
H8,F2,5,gBlocks,26.392,0.039,STANDARD,34.227,5.000,STANDARD,32.708,5.000,STANDARD,32.708,5.000
H8,F3,5,gBlocks,26.437,0.084,STANDARD,33.797,5.000,STANDARD,32.692,5.000,STANDARD,32.692,5.000
H8,G1,E00,gBlocks,26.198,-0.155,STANDARD,Undetermined,1.000,STANDARD,34.725,1.000,STANDARD,34.725,1.000
H8,G2,E00,gBlocks,26.407,0.054,STANDARD,Undetermined,1.000,STANDARD,34.261,1.000,STANDARD,34.261,1.000
H8,G3,E00,gBlocks,26.480,0.127,UNKNOWN,37.348,0.427,UNKNOWN,33.770,2.323,STANDARD,33.770,2.323
H8,H1,E00,gBlocks,26.307,-0.046,STANDARD,35.357,1.000,STANDARD,35.813,1.000,STANDARD,35.813,1.000
H8,H2,E00,gBlocks,26.363,0.010,STANDARD,36.358,1.000,STANDARD,34.159,1.000,STANDARD,34.159,1.000
H8,H3,E00,gBlocks,26.351,-0.002,STANDARD,36.353,1.000,STANDARD,34.315,1.000,STANDARD,34.315,1.000
H9,A1,E05,gBlocks,29.456,2.771,STANDARD,20.463,"100,000.000",STANDARD,20.332,"100,000.000",STANDARD,21.141,"100,000.000"
H9,A2,E05,gBlocks,30.064,3.378,STANDARD,20.198,"100,000.000",STANDARD,20.007,"100,000.000",STANDARD,20.923,"100,000.000"
H9,A3,E05,gBlocks,29.331,2.646,STANDARD,20.459,"100,000.000",STANDARD,20.218,"100,000.000",STANDARD,21.060,"100,000.000"
H9,B1,E04,gBlocks,26.805,0.120,STANDARD,23.419,"10,000.000",STANDARD,23.231,"10,000.000",STANDARD,24.040,"10,000.000"
H9,B2,E04,gBlocks,26.694,0.009,STANDARD,23.570,"10,000.000",STANDARD,23.397,"10,000.000",STANDARD,24.197,"10,000.000"
H9,B3,E04,gBlocks,26.407,-0.279,STANDARD,23.690,"10,000.000",STANDARD,23.495,"10,000.000",STANDARD,24.356,"10,000.000"
H9,C1,E03,gBlocks,26.425,-0.260,STANDARD,27.067,"1,000.000",STANDARD,26.789,"1,000.000",STANDARD,27.586,"1,000.000"
H9,C2,E03,gBlocks,26.554,-0.131,STANDARD,27.061,"1,000.000",STANDARD,26.675,"1,000.000",STANDARD,27.493,"1,000.000"
H9,C3,E03,gBlocks,26.529,-0.157,STANDARD,27.165,"1,000.000",STANDARD,26.933,"1,000.000",STANDARD,27.769,"1,000.000"
H9,D1,E02,gBlocks,26.684,-0.001,STANDARD,30.234,100.000,STANDARD,29.696,100.000,STANDARD,30.841,100.000
H9,D2,E02,gBlocks,26.837,0.152,STANDARD,30.244,100.000,STANDARD,29.696,100.000,STANDARD,30.729,100.000
H9,D3,E02,gBlocks,26.599,-0.086,STANDARD,30.135,100.000,STANDARD,29.701,100.000,STANDARD,30.818,100.000
H9,E1,E01,gBlocks,26.588,-0.097,STANDARD,33.826,10.000,STANDARD,33.328,10.000,STANDARD,34.826,10.000
H9,E2,E01,gBlocks,26.691,0.006,STANDARD,32.945,10.000,STANDARD,32.797,10.000,STANDARD,33.058,10.000
H9,E3,E01,gBlocks,26.778,0.092,UNKNOWN,35.401,2.479,STANDARD,32.904,10.000,STANDARD,33.524,10.000
H9,F1,5,gBlocks,26.649,-0.036,STANDARD,34.022,5.000,STANDARD,33.826,5.000,STANDARD,34.293,5.000
H9,F2,5,gBlocks,26.654,-0.031,STANDARD,35.480,5.000,STANDARD,33.795,5.000,STANDARD,34.331,5.000
H9,F3,5,gBlocks,26.655,-0.031,STANDARD,36.112,5.000,STANDARD,33.903,5.000,STANDARD,34.009,5.000
H9,G1,E00,gBlocks,26.761,0.076,STANDARD,35.973,1.000,UNKNOWN,36.570,0.586,STANDARD,Undetermined,1.000
H9,G2,E00,gBlocks,26.642,-0.043,STANDARD,Undetermined,1.000,STANDARD,36.026,1.000,STANDARD,36.085,1.000
H9,G3,E00,gBlocks,26.735,0.050,STANDARD,36.741,1.000,STANDARD,35.398,1.000,STANDARD,35.981,1.000
H9,H1,E00,gBlocks,26.666,-0.020,STANDARD,35.930,1.000,UNKNOWN,35.398,1.399,STANDARD,37.666,1.000
H9,H2,E00,gBlocks,26.609,-0.076,STANDARD,35.853,1.000,STANDARD,35.680,1.000,STANDARD,37.233,1.000
H9,H3,E00,gBlocks,26.595,-0.090,STANDARD,36.821,1.000,STANDARD,34.946,1.000,STANDARD,Undetermined,1.000
H10,A1,E05,gBlocks,29.542,3.008,STANDARD,19.423,"100,000.000",STANDARD,19.169,"100,000.000",STANDARD,20.211,"100,000.000"
H10,A2,E05,gBlocks,30.443,3.909,STANDARD,18.981,"100,000.000",STANDARD,18.738,"100,000.000",STANDARD,19.800,"100,000.000"
H10,A3,E05,gBlocks,30.142,3.608,STANDARD,19.105,"100,000.000",STANDARD,18.846,"100,000.000",STANDARD,19.871,"100,000.000"
H10,B1,E04,gBlocks,26.733,0.199,STANDARD,22.279,"10,000.000",STANDARD,21.956,"10,000.000",STANDARD,23.039,"10,000.000"
H10,B2,E04,gBlocks,26.734,0.200,STANDARD,22.279,"10,000.000",STANDARD,22.074,"10,000.000",STANDARD,23.171,"10,000.000"
H10,B3,E04,gBlocks,26.675,0.141,STANDARD,22.198,"10,000.000",STANDARD,21.997,"10,000.000",STANDARD,23.003,"10,000.000"
H10,C1,E03,gBlocks,26.395,-0.140,STANDARD,25.634,"1,000.000",STANDARD,25.319,"1,000.000",STANDARD,26.357,"1,000.000"
H10,C2,E03,gBlocks,26.309,-0.226,STANDARD,25.617,"1,000.000",STANDARD,25.188,"1,000.000",STANDARD,26.220,"1,000.000"
H10,C3,E03,gBlocks,26.235,-0.299,STANDARD,25.547,"1,000.000",STANDARD,25.310,"1,000.000",STANDARD,26.429,"1,000.000"
H10,D1,E02,gBlocks,26.422,-0.113,STANDARD,28.581,100.000,STANDARD,28.332,100.000,STANDARD,29.382,100.000
H10,D2,E02,gBlocks,26.513,-0.021,STANDARD,28.744,100.000,STANDARD,28.327,100.000,STANDARD,29.621,100.000
H10,D3,E02,gBlocks,26.429,-0.106,STANDARD,28.709,100.000,STANDARD,28.071,100.000,STANDARD,29.477,100.000
H10,E1,E01,gBlocks,26.418,-0.116,STANDARD,32.277,10.000,STANDARD,32.014,10.000,STANDARD,33.080,10.000
H10,E2,E01,gBlocks,26.460,-0.075,STANDARD,32.063,10.000,STANDARD,31.234,10.000,STANDARD,32.855,10.000
H10,E3,E01,gBlocks,26.796,0.261,STANDARD,32.281,10.000,STANDARD,31.475,10.000,STANDARD,33.344,10.000
H10,F1,5,gBlocks,26.362,-0.172,STANDARD,32.976,5.000,STANDARD,31.966,5.000,STANDARD,34.674,5.000
H10,F2,5,gBlocks,26.904,0.369,STANDARD,33.240,5.000,STANDARD,32.811,5.000,UNKNOWN,35.389,2.050
H10,F3,5,gBlocks,26.532,-0.003,STANDARD,33.410,5.000,STANDARD,32.467,5.000,STANDARD,34.032,5.000
H10,G1,E00,gBlocks,26.549,0.014,STANDARD,34.704,1.000,STANDARD,35.347,1.000,STANDARD,35.126,1.000
H10,G2,E00,gBlocks,26.837,0.302,STANDARD,37.464,1.000,STANDARD,35.851,1.000,STANDARD,37.828,1.000
H10,G3,E00,gBlocks,26.533,-0.001,STANDARD,35.542,1.000,STANDARD,34.326,1.000,STANDARD,36.075,1.000
H10,H1,E00,gBlocks,26.471,-0.063,STANDARD,34.077,1.000,STANDARD,34.301,1.000,STANDARD,35.525,1.000
H10,H2,E00,gBlocks,26.386,-0.149,STANDARD,36.095,1.000,STANDARD,34.781,1.000,STANDARD,36.530,1.000
H10,H3,E00,gBlocks,26.768,0.234,STANDARD,35.896,1.000,STANDARD,34.724,1.000,STANDARD,37.697,1.000
H11,A1,E05,gBlocks,28.790,2.659,STANDARD,19.745,"100,000.000",STANDARD,19.469,"100,000.000",STANDARD,20.968,"100,000.000"
H11,A2,E05,gBlocks,29.137,3.006,STANDARD,19.505,"100,000.000",STANDARD,19.142,"100,000.000",STANDARD,20.669,"100,000.000"
H11,A3,E05,gBlocks,28.286,2.155,STANDARD,19.723,"100,000.000",STANDARD,19.313,"100,000.000",STANDARD,20.818,"100,000.000"
H11,B1,E04,gBlocks,26.440,0.309,STANDARD,22.898,"10,000.000",STANDARD,22.522,"10,000.000",STANDARD,24.042,"10,000.000"
H11,B2,E04,gBlocks,26.214,0.083,STANDARD,22.912,"10,000.000",STANDARD,22.629,"10,000.000",STANDARD,24.011,"10,000.000"
H11,B3,E04,gBlocks,26.175,0.044,STANDARD,23.045,"10,000.000",STANDARD,22.735,"10,000.000",STANDARD,24.197,"10,000.000"
H11,C1,E03,gBlocks,26.212,0.081,STANDARD,26.014,"1,000.000",STANDARD,25.626,"1,000.000",STANDARD,27.067,"1,000.000"
H11,C2,E03,gBlocks,26.242,0.111,STANDARD,25.998,"1,000.000",STANDARD,25.486,"1,000.000",STANDARD,26.943,"1,000.000"
H11,C3,E03,gBlocks,26.151,0.020,STANDARD,25.944,"1,000.000",STANDARD,25.572,"1,000.000",STANDARD,27.179,"1,000.000"
H11,D1,E02,gBlocks,26.380,0.249,STANDARD,28.943,100.000,STANDARD,28.619,100.000,STANDARD,29.954,100.000
H11,D2,E02,gBlocks,26.391,0.260,STANDARD,28.948,100.000,STANDARD,28.506,100.000,STANDARD,29.862,100.000
H11,D3,E02,gBlocks,26.378,0.247,STANDARD,28.863,100.000,STANDARD,28.344,100.000,STANDARD,29.902,100.000
H11,E1,E01,gBlocks,26.282,0.151,STANDARD,32.091,10.000,STANDARD,31.991,10.000,STANDARD,34.201,10.000
H11,E2,E01,gBlocks,26.422,0.291,STANDARD,31.946,10.000,STANDARD,32.138,10.000,STANDARD,33.602,10.000
H11,E3,E01,gBlocks,26.361,0.230,STANDARD,32.777,10.000,STANDARD,31.694,10.000,STANDARD,33.729,10.000
H11,F1,5,gBlocks,26.354,0.223,STANDARD,32.903,5.000,STANDARD,32.880,5.000,STANDARD,34.665,5.000
H11,F2,5,gBlocks,26.392,0.261,STANDARD,33.282,5.000,STANDARD,32.823,5.000,STANDARD,34.869,5.000
H11,F3,5,gBlocks,26.313,0.182,STANDARD,33.427,5.000,STANDARD,32.209,5.000,STANDARD,34.729,5.000
H11,G1,E00,gBlocks,26.470,0.339,STANDARD,35.745,1.000,STANDARD,36.234,1.000,STANDARD,36.102,1.000
H11,G2,E00,gBlocks,26.300,0.169,STANDARD,35.319,1.000,STANDARD,34.160,1.000,STANDARD,36.249,1.000
H11,G3,E00,gBlocks,26.483,0.352,STANDARD,34.597,1.000,STANDARD,34.890,1.000,STANDARD,Undetermined,1.000
H11,H1,E00,gBlocks,26.310,0.179,STANDARD,35.831,1.000,STANDARD,34.787,1.000,STANDARD,37.153,1.000
H11,H2,E00,gBlocks,26.454,0.323,STANDARD,Undetermined,1.000,STANDARD,36.273,1.000,STANDARD,Undetermined,1.000
H11,H3,E00,gBlocks,26.351,0.220,STANDARD,Undetermined,1.000,STANDARD,35.142,1.000,STANDARD,Undetermined,1.000
H12,A1,E05,gBlocks,30.966,4.706,STANDARD,19.853,"100,000.000",STANDARD,18.709,"100,000.000",STANDARD,19.799,"100,000.000"
H12,A2,E05,gBlocks,31.726,5.466,STANDARD,19.637,"100,000.000",STANDARD,18.435,"100,000.000",STANDARD,19.517,"100,000.000"
H12,A3,E05,gBlocks,30.508,4.248,STANDARD,19.801,"100,000.000",STANDARD,18.539,"100,000.000",STANDARD,19.664,"100,000.000"
H12,B1,E04,gBlocks,26.605,0.345,STANDARD,22.940,"10,000.000",STANDARD,21.713,"10,000.000",STANDARD,22.808,"10,000.000"
H12,B2,E04,gBlocks,26.658,0.398,STANDARD,22.923,"10,000.000",STANDARD,21.739,"10,000.000",STANDARD,22.878,"10,000.000"
H12,B3,E04,gBlocks,26.406,0.146,STANDARD,23.016,"10,000.000",STANDARD,21.828,"10,000.000",STANDARD,22.942,"10,000.000"
H12,C1,E03,gBlocks,26.336,0.076,STANDARD,26.197,"1,000.000",STANDARD,24.983,"1,000.000",STANDARD,26.068,"1,000.000"
H12,C2,E03,gBlocks,26.210,-0.050,STANDARD,26.178,"1,000.000",STANDARD,24.951,"1,000.000",STANDARD,25.902,"1,000.000"
H12,C3,E03,gBlocks,26.149,-0.111,STANDARD,26.148,"1,000.000",STANDARD,24.894,"1,000.000",STANDARD,25.984,"1,000.000"
H12,D1,E02,gBlocks,26.343,0.083,STANDARD,29.432,100.000,STANDARD,28.118,100.000,STANDARD,29.034,100.000
H12,D2,E02,gBlocks,26.337,0.077,STANDARD,29.390,100.000,STANDARD,28.006,100.000,STANDARD,28.998,100.000
H12,D3,E02,gBlocks,26.416,0.156,STANDARD,29.416,100.000,STANDARD,27.805,100.000,STANDARD,28.902,100.000
H12,E1,E01,gBlocks,26.358,0.098,STANDARD,32.523,10.000,STANDARD,31.180,10.000,STANDARD,32.166,10.000
H12,E2,E01,gBlocks,26.428,0.168,STANDARD,32.409,10.000,STANDARD,31.116,10.000,STANDARD,32.409,10.000
H12,E3,E01,gBlocks,26.394,0.134,STANDARD,33.326,10.000,STANDARD,31.034,10.000,STANDARD,32.086,10.000
H12,F1,5,gBlocks,26.329,0.069,STANDARD,33.665,5.000,STANDARD,31.819,5.000,STANDARD,34.555,5.000
H12,F2,5,gBlocks,26.449,0.189,STANDARD,33.102,5.000,STANDARD,32.230,5.000,STANDARD,33.635,5.000
H12,F3,5,gBlocks,26.315,0.055,STANDARD,33.134,5.000,STANDARD,32.116,5.000,STANDARD,33.062,5.000
H12,G1,E00,gBlocks,26.431,0.171,STANDARD,35.384,1.000,STANDARD,34.339,1.000,STANDARD,35.082,1.000
H12,G2,E00,gBlocks,26.424,0.165,STANDARD,34.928,1.000,STANDARD,34.330,1.000,STANDARD,34.047,1.000
H12,G3,E00,gBlocks,26.344,0.084,STANDARD,36.724,1.000,STANDARD,34.819,1.000,STANDARD,35.181,1.000
H12,H1,E00,gBlocks,26.327,0.067,STANDARD,34.829,1.000,STANDARD,34.348,1.000,STANDARD,35.660,1.000
H12,H2,E00,gBlocks,26.471,0.211,STANDARD,35.952,1.000,STANDARD,34.489,1.000,STANDARD,36.384,1.000
H12,H3,E00,gBlocks,26.479,0.219,STANDARD,36.895,1.000,STANDARD,34.292,1.000,STANDARD,36.413,1.000
H13,A1,E05,gBlocks,29.249,3.129,STANDARD,19.632,"100,000.000",STANDARD,18.742,"100,000.000",STANDARD,20.058,"100,000.000"
H13,A2,E05,gBlocks,30.838,4.718,STANDARD,19.441,"100,000.000",STANDARD,18.471,"100,000.000",STANDARD,19.837,"100,000.000"
H13,A3,E05,gBlocks,29.910,3.790,STANDARD,19.500,"100,000.000",STANDARD,18.496,"100,000.000",STANDARD,19.863,"100,000.000"
H13,B1,E04,gBlocks,26.338,0.218,STANDARD,22.752,"10,000.000",STANDARD,21.804,"10,000.000",STANDARD,23.119,"10,000.000"
H13,B2,E04,gBlocks,26.245,0.124,STANDARD,22.716,"10,000.000",STANDARD,21.762,"10,000.000",STANDARD,23.103,"10,000.000"
H13,B3,E04,gBlocks,26.081,-0.040,STANDARD,22.778,"10,000.000",STANDARD,21.789,"10,000.000",STANDARD,23.120,"10,000.000"
H13,C1,E03,gBlocks,25.932,-0.188,STANDARD,26.016,"1,000.000",STANDARD,24.950,"1,000.000",STANDARD,26.371,"1,000.000"
H13,C2,E03,gBlocks,26.029,-0.091,STANDARD,25.990,"1,000.000",STANDARD,24.864,"1,000.000",STANDARD,26.152,"1,000.000"
H13,C3,E03,gBlocks,26.048,-0.072,STANDARD,26.108,"1,000.000",STANDARD,25.026,"1,000.000",STANDARD,26.463,"1,000.000"
H13,D1,E02,gBlocks,26.264,0.144,STANDARD,29.142,100.000,STANDARD,28.090,100.000,STANDARD,29.474,100.000
H13,D2,E02,gBlocks,26.070,-0.051,STANDARD,29.234,100.000,STANDARD,27.961,100.000,STANDARD,29.229,100.000
H13,D3,E02,gBlocks,26.142,0.021,STANDARD,29.238,100.000,STANDARD,28.035,100.000,STANDARD,29.288,100.000
H13,E1,E01,gBlocks,26.181,0.061,STANDARD,32.256,10.000,STANDARD,31.246,10.000,STANDARD,33.508,10.000
H13,E2,E01,gBlocks,26.070,-0.050,STANDARD,31.954,10.000,STANDARD,31.103,10.000,STANDARD,32.951,10.000
H13,E3,E01,gBlocks,26.225,0.104,STANDARD,32.788,10.000,STANDARD,31.273,10.000,STANDARD,32.450,10.000
H13,F1,5,gBlocks,26.426,0.305,STANDARD,34.031,5.000,STANDARD,31.949,5.000,STANDARD,34.108,5.000
H13,F2,5,gBlocks,26.111,-0.010,STANDARD,33.311,5.000,STANDARD,31.835,5.000,STANDARD,34.384,5.000
H13,F3,5,gBlocks,26.167,0.046,STANDARD,33.209,5.000,STANDARD,32.366,5.000,STANDARD,33.483,5.000
H13,G1,E00,gBlocks,26.095,-0.025,STANDARD,35.812,1.000,STANDARD,33.255,1.000,STANDARD,35.295,1.000
H13,G2,E00,gBlocks,26.066,-0.054,STANDARD,35.027,1.000,STANDARD,34.145,1.000,STANDARD,34.964,1.000
H13,G3,E00,gBlocks,26.248,0.128,STANDARD,36.367,1.000,STANDARD,34.589,1.000,STANDARD,34.860,1.000
H13,H1,E00,gBlocks,26.172,0.051,STANDARD,35.540,1.000,STANDARD,34.488,1.000,STANDARD,34.853,1.000
H13,H2,E00,gBlocks,26.107,-0.013,STANDARD,35.396,1.000,STANDARD,34.071,1.000,STANDARD,35.647,1.000
H13,H3,E00,gBlocks,26.183,0.063,STANDARD,34.794,1.000,STANDARD,35.291,1.000,STANDARD,35.407,1.000
H14,A1,E05,gBlocks,28.435,2.104,STANDARD,19.245,"100,000.000",STANDARD,18.449,"100,000.000",STANDARD,20.468,"100,000.000"
H14,A2,E05,gBlocks,29.879,3.549,STANDARD,19.104,"100,000.000",STANDARD,18.203,"100,000.000",STANDARD,20.227,"100,000.000"
H14,A3,E05,gBlocks,29.170,2.840,STANDARD,19.201,"100,000.000",STANDARD,18.312,"100,000.000",STANDARD,20.327,"100,000.000"
H14,B1,E04,gBlocks,26.726,0.396,STANDARD,22.508,"10,000.000",STANDARD,21.559,"10,000.000",STANDARD,23.690,"10,000.000"
H14,B2,E04,gBlocks,26.177,-0.153,STANDARD,22.425,"10,000.000",STANDARD,21.555,"10,000.000",STANDARD,23.615,"10,000.000"
H14,B3,E04,gBlocks,25.932,-0.399,STANDARD,22.724,"10,000.000",STANDARD,21.751,"10,000.000",STANDARD,23.892,"10,000.000"
H14,C1,E03,gBlocks,26.087,-0.243,STANDARD,25.690,"1,000.000",STANDARD,24.791,"1,000.000",STANDARD,26.916,"1,000.000"
H14,C2,E03,gBlocks,26.081,-0.249,STANDARD,25.911,"1,000.000",STANDARD,24.936,"1,000.000",STANDARD,26.966,"1,000.000"
H14,C3,E03,gBlocks,26.216,-0.114,STANDARD,26.030,"1,000.000",STANDARD,24.986,"1,000.000",STANDARD,27.074,"1,000.000"
H14,D1,E02,gBlocks,26.415,0.085,STANDARD,29.211,100.000,STANDARD,28.235,100.000,STANDARD,30.190,100.000
H14,D2,E02,gBlocks,26.437,0.106,STANDARD,29.218,100.000,STANDARD,28.096,100.000,STANDARD,30.378,100.000
H14,D3,E02,gBlocks,26.446,0.116,STANDARD,29.470,100.000,STANDARD,28.234,100.000,STANDARD,30.555,100.000
H14,E1,E01,gBlocks,26.341,0.010,STANDARD,32.367,10.000,STANDARD,31.330,10.000,STANDARD,34.438,10.000
H14,E2,E01,gBlocks,26.450,0.120,STANDARD,32.552,10.000,STANDARD,31.101,10.000,STANDARD,34.165,10.000
H14,E3,E01,gBlocks,26.454,0.124,STANDARD,32.677,10.000,STANDARD,31.056,10.000,STANDARD,34.232,10.000
H14,F1,5,gBlocks,26.383,0.053,UNKNOWN,32.056,15.553,STANDARD,31.725,5.000,STANDARD,34.322,5.000
H14,F2,5,gBlocks,26.190,-0.141,STANDARD,33.671,5.000,STANDARD,32.145,5.000,STANDARD,34.364,5.000
H14,F3,5,gBlocks,26.378,0.047,STANDARD,33.865,5.000,STANDARD,32.010,5.000,STANDARD,34.778,5.000
H14,G1,E00,gBlocks,26.461,0.131,STANDARD,37.169,1.000,STANDARD,34.422,1.000,STANDARD,Undetermined,1.000
H14,G2,E00,gBlocks,26.257,-0.074,STANDARD,37.072,1.000,STANDARD,34.650,1.000,STANDARD,37.004,1.000
H14,G3,E00,gBlocks,26.429,0.098,STANDARD,35.842,1.000,STANDARD,34.632,1.000,STANDARD,35.953,1.000
H14,H1,E00,gBlocks,26.340,0.009,STANDARD,36.197,1.000,STANDARD,33.635,1.000,STANDARD,Undetermined,1.000
H14,H2,E00,gBlocks,26.358,0.028,STANDARD,34.632,1.000,STANDARD,35.054,1.000,STANDARD,36.629,1.000
H14,H3,E00,gBlocks,26.348,0.018,STANDARD,Undetermined,1.000,STANDARD,36.535,1.000,STANDARD,Undetermined,1.000
H15,A1,E05,gBlocks,30.512,4.056,STANDARD,19.776,"100,000.000",STANDARD,18.771,"100,000.000",STANDARD,20.264,"100,000.000"
H15,A2,E05,gBlocks,30.195,3.739,STANDARD,19.652,"100,000.000",STANDARD,18.569,"100,000.000",STANDARD,20.088,"100,000.000"
H15,A3,E05,gBlocks,29.961,3.505,STANDARD,19.785,"100,000.000",STANDARD,18.676,"100,000.000",STANDARD,20.120,"100,000.000"
H15,B1,E04,gBlocks,26.516,0.059,STANDARD,23.004,"10,000.000",STANDARD,21.939,"10,000.000",STANDARD,23.477,"10,000.000"
H15,B2,E04,gBlocks,26.356,-0.100,STANDARD,23.012,"10,000.000",STANDARD,21.960,"10,000.000",STANDARD,23.521,"10,000.000"
H15,B3,E04,gBlocks,26.298,-0.158,STANDARD,23.149,"10,000.000",STANDARD,22.062,"10,000.000",STANDARD,23.644,"10,000.000"
H15,C1,E03,gBlocks,26.321,-0.135,STANDARD,26.574,"1,000.000",STANDARD,25.383,"1,000.000",STANDARD,27.001,"1,000.000"
H15,C2,E03,gBlocks,26.270,-0.186,STANDARD,26.521,"1,000.000",STANDARD,25.324,"1,000.000",STANDARD,26.768,"1,000.000"
H15,C3,E03,gBlocks,26.126,-0.330,STANDARD,26.649,"1,000.000",STANDARD,25.414,"1,000.000",STANDARD,27.079,"1,000.000"
H15,D1,E02,gBlocks,26.374,-0.082,STANDARD,29.782,100.000,STANDARD,28.532,100.000,STANDARD,29.968,100.000
H15,D2,E02,gBlocks,26.400,-0.056,STANDARD,29.850,100.000,STANDARD,28.442,100.000,STANDARD,30.389,100.000
H15,D3,E02,gBlocks,26.292,-0.164,STANDARD,29.628,100.000,STANDARD,28.321,100.000,STANDARD,30.022,100.000
H15,E1,E01,gBlocks,26.345,-0.112,STANDARD,32.892,10.000,STANDARD,32.007,10.000,STANDARD,33.485,10.000
H15,E2,E01,gBlocks,26.329,-0.127,STANDARD,33.533,10.000,STANDARD,32.079,10.000,STANDARD,34.340,10.000
H15,E3,E01,gBlocks,26.436,-0.020,STANDARD,34.701,10.000,STANDARD,32.202,10.000,STANDARD,33.633,10.000
H15,F1,5,gBlocks,26.227,-0.229,STANDARD,34.223,5.000,STANDARD,32.271,5.000,STANDARD,34.352,5.000
H15,F2,5,gBlocks,26.382,-0.074,STANDARD,33.695,5.000,STANDARD,32.252,5.000,STANDARD,33.035,5.000
H15,F3,5,gBlocks,26.368,-0.088,STANDARD,34.144,5.000,STANDARD,32.476,5.000,STANDARD,33.896,5.000
H15,G1,E00,gBlocks,26.348,-0.108,STANDARD,35.558,1.000,STANDARD,33.988,1.000,STANDARD,37.119,1.000
H15,G2,E00,gBlocks,26.402,-0.054,STANDARD,Undetermined,1.000,STANDARD,35.076,1.000,STANDARD,35.717,1.000
H15,G3,E00,gBlocks,26.486,0.030,STANDARD,35.396,1.000,STANDARD,34.225,1.000,STANDARD,Undetermined,1.000
H15,H1,E00,gBlocks,26.195,-0.261,STANDARD,37.633,1.000,STANDARD,36.114,1.000,STANDARD,35.611,1.000
H15,H2,E00,gBlocks,26.345,-0.111,STANDARD,36.563,1.000,STANDARD,35.300,1.000,STANDARD,35.534,1.000
H15,H3,E00,gBlocks,26.361,-0.095,STANDARD,36.581,1.000,STANDARD,34.349,1.000,STANDARD,36.829,1.000
H16,A1,E05,gBlocks,29.910,3.828,STANDARD,19.368,"100,000.000",STANDARD,18.287,"100,000.000",STANDARD,20.373,"100,000.000"
H16,A2,E05,gBlocks,30.607,4.524,STANDARD,19.274,"100,000.000",STANDARD,18.119,"100,000.000",STANDARD,20.176,"100,000.000"
H16,A3,E05,gBlocks,29.114,3.031,STANDARD,19.353,"100,000.000",STANDARD,18.170,"100,000.000",STANDARD,20.225,"100,000.000"
H16,B1,E04,gBlocks,26.859,0.776,STANDARD,22.412,"10,000.000",STANDARD,21.231,"10,000.000",STANDARD,23.361,"10,000.000"
H16,B2,E04,gBlocks,26.543,0.460,STANDARD,22.445,"10,000.000",STANDARD,21.383,"10,000.000",STANDARD,23.454,"10,000.000"
H16,B3,E04,gBlocks,26.215,0.132,STANDARD,22.554,"10,000.000",STANDARD,21.348,"10,000.000",STANDARD,23.517,"10,000.000"
H16,C1,E03,gBlocks,25.961,-0.121,STANDARD,25.835,"1,000.000",STANDARD,24.479,"1,000.000",STANDARD,26.676,"1,000.000"
H16,C2,E03,gBlocks,26.011,-0.071,STANDARD,25.646,"1,000.000",STANDARD,24.356,"1,000.000",STANDARD,26.443,"1,000.000"
H16,C3,E03,gBlocks,25.959,-0.124,STANDARD,25.803,"1,000.000",STANDARD,24.549,"1,000.000",STANDARD,26.744,"1,000.000"
H16,D1,E02,gBlocks,26.049,-0.034,STANDARD,28.966,100.000,STANDARD,27.686,100.000,STANDARD,29.891,100.000
H16,D2,E02,gBlocks,26.194,0.112,STANDARD,29.068,100.000,STANDARD,27.694,100.000,STANDARD,29.665,100.000
H16,D3,E02,gBlocks,26.268,0.185,STANDARD,28.848,100.000,STANDARD,27.580,100.000,STANDARD,29.629,100.000
H16,E1,E01,gBlocks,26.127,0.044,STANDARD,32.629,10.000,STANDARD,31.164,10.000,STANDARD,33.332,10.000
H16,E2,E01,gBlocks,25.949,-0.133,STANDARD,32.482,10.000,STANDARD,30.893,10.000,STANDARD,33.148,10.000
H16,E3,E01,gBlocks,26.077,-0.005,STANDARD,32.520,10.000,STANDARD,30.786,10.000,STANDARD,32.538,10.000
H16,F1,5,gBlocks,25.956,-0.126,STANDARD,33.071,5.000,STANDARD,31.722,5.000,STANDARD,34.406,5.000
H16,F2,5,gBlocks,26.211,0.128,STANDARD,34.504,5.000,STANDARD,31.425,5.000,STANDARD,34.536,5.000
H16,F3,5,gBlocks,26.204,0.122,STANDARD,32.850,5.000,STANDARD,31.284,5.000,STANDARD,33.807,5.000
H16,G1,E00,gBlocks,26.087,0.004,STANDARD,34.994,1.000,STANDARD,34.055,1.000,STANDARD,37.964,1.000
H16,G2,E00,gBlocks,25.922,-0.161,STANDARD,34.794,1.000,STANDARD,33.606,1.000,STANDARD,35.016,1.000
H16,G3,E00,gBlocks,26.097,0.014,STANDARD,34.702,1.000,STANDARD,34.894,1.000,STANDARD,34.836,1.000
H16,H1,E00,gBlocks,25.902,-0.180,STANDARD,34.800,1.000,STANDARD,34.303,1.000,STANDARD,36.431,1.000
H16,H2,E00,gBlocks,26.348,0.265,UNKNOWN,37.494,0.208,UNKNOWN,36.029,0.249,STANDARD,36.549,1.000
H16,H3,E00,gBlocks,26.063,-0.019,STANDARD,35.408,1.000,STANDARD,34.668,1.000,STANDARD,Undetermined,1.000
H17,A1,E05,gBlocks,31.327,4.586,STANDARD,19.668,"100,000.000",STANDARD,18.370,"100,000.000",STANDARD,20.217,"100,000.000"
H17,A2,E05,gBlocks,31.856,5.115,STANDARD,19.581,"100,000.000",STANDARD,18.204,"100,000.000",STANDARD,20.088,"100,000.000"
H17,A3,E05,gBlocks,31.370,4.630,STANDARD,19.662,"100,000.000",STANDARD,18.257,"100,000.000",STANDARD,20.132,"100,000.000"
H17,B1,E04,gBlocks,27.113,0.373,STANDARD,22.868,"10,000.000",STANDARD,21.433,"10,000.000",STANDARD,23.310,"10,000.000"
H17,B2,E04,gBlocks,27.242,0.502,STANDARD,22.881,"10,000.000",STANDARD,21.553,"10,000.000",STANDARD,23.363,"10,000.000"
H17,B3,E04,gBlocks,26.777,0.036,STANDARD,22.964,"10,000.000",STANDARD,21.580,"10,000.000",STANDARD,23.500,"10,000.000"
H17,C1,E03,gBlocks,26.557,-0.184,STANDARD,26.254,"1,000.000",STANDARD,24.869,"1,000.000",STANDARD,26.785,"1,000.000"
H17,C2,E03,gBlocks,26.958,0.218,STANDARD,26.292,"1,000.000",STANDARD,24.731,"1,000.000",STANDARD,26.623,"1,000.000"
H17,C3,E03,gBlocks,26.477,-0.263,STANDARD,26.382,"1,000.000",STANDARD,24.967,"1,000.000",STANDARD,26.922,"1,000.000"
H17,D1,E02,gBlocks,26.635,-0.106,STANDARD,29.574,100.000,STANDARD,27.938,100.000,STANDARD,29.913,100.000
H17,D2,E02,gBlocks,26.680,-0.060,STANDARD,29.395,100.000,STANDARD,27.981,100.000,STANDARD,29.584,100.000
H17,D3,E02,gBlocks,26.675,-0.065,STANDARD,29.391,100.000,STANDARD,27.699,100.000,STANDARD,29.774,100.000
H17,E1,E01,gBlocks,26.747,0.007,STANDARD,33.033,10.000,STANDARD,31.024,10.000,STANDARD,33.060,10.000
H17,E2,E01,gBlocks,26.650,-0.091,STANDARD,32.515,10.000,STANDARD,31.457,10.000,STANDARD,32.834,10.000
H17,E3,E01,gBlocks,26.751,0.011,STANDARD,33.135,10.000,STANDARD,31.200,10.000,STANDARD,33.369,10.000
H17,F1,5,gBlocks,26.575,-0.165,STANDARD,33.965,5.000,STANDARD,32.121,5.000,STANDARD,34.589,5.000
H17,F2,5,gBlocks,26.777,0.037,STANDARD,33.962,5.000,STANDARD,31.909,5.000,STANDARD,34.869,5.000
H17,F3,5,gBlocks,26.689,-0.051,STANDARD,33.023,5.000,STANDARD,31.922,5.000,STANDARD,33.459,5.000
H17,G1,E00,gBlocks,26.615,-0.126,STANDARD,34.882,1.000,STANDARD,33.793,1.000,UNKNOWN,39.123,0.129
H17,G2,E00,gBlocks,26.668,-0.072,STANDARD,35.152,1.000,STANDARD,34.261,1.000,STANDARD,35.229,1.000
H17,G3,E00,gBlocks,26.719,-0.021,STANDARD,34.974,1.000,STANDARD,33.901,1.000,STANDARD,35.140,1.000
H17,H1,E00,gBlocks,26.737,-0.003,STANDARD,Undetermined,1.000,STANDARD,33.478,1.000,STANDARD,37.346,1.000
H17,H2,E00,gBlocks,26.622,-0.119,STANDARD,35.426,1.000,STANDARD,35.183,1.000,STANDARD,37.977,1.000
H17,H3,E00,gBlocks,26.616,-0.124,STANDARD,35.644,1.000,STANDARD,34.397,1.000,STANDARD,34.852,1.000