Sample_name,i5_Index_Name,i7_Index_Name,Well,Set,PrimerF,PrimerR,Locus
58.2,N502,N709,A7,A,GYAATCACTTGTCTTTTAAATGAAGACC,GGATTGCGCTGTTATCCCTA,16S_Prey
60.2,N503,N709,B7,A,GYAATCACTTGTCTTTTAAATGAAGACC,GGATTGCGCTGTTATCCCTA,16S_Prey
61.2,N504,N709,C7,A,GYAATCACTTGTCTTTTAAATGAAGACC,GGATTGCGCTGTTATCCCTA,16S_Prey
63.2,N517,N709,D7,A,GYAATCACTTGTCTTTTAAATGAAGACC,GGATTGCGCTGTTATCCCTA,16S_Prey
70.2,N506,N709,E7,A,GYAATCACTTGTCTTTTAAATGAAGACC,GGATTGCGCTGTTATCCCTA,16S_Prey
282.2,N507,N709,F7,A,GYAATCACTTGTCTTTTAAATGAAGACC,GGATTGCGCTGTTATCCCTA,16S_Prey
283.2,N508,N709,G7,A,GYAATCACTTGTCTTTTAAATGAAGACC,GGATTGCGCTGTTATCCCTA,16S_Prey
284.2,N522,N709,H7,A,GYAATCACTTGTCTTTTAAATGAAGACC,GGATTGCGCTGTTATCCCTA,16S_Prey
285.2,N502,N710,A8,A,GYAATCACTTGTCTTTTAAATGAAGACC,GGATTGCGCTGTTATCCCTA,16S_Prey
287.2,N503,N710,B8,A,GYAATCACTTGTCTTTTAAATGAAGACC,GGATTGCGCTGTTATCCCTA,16S_Prey
318.2,N504,N710,C8,A,GYAATCACTTGTCTTTTAAATGAAGACC,GGATTGCGCTGTTATCCCTA,16S_Prey
319.2,N517,N710,D8,A,GYAATCACTTGTCTTTTAAATGAAGACC,GGATTGCGCTGTTATCCCTA,16S_Prey
320.2,N506,N710,E8,A,GYAATCACTTGTCTTTTAAATGAAGACC,GGATTGCGCTGTTATCCCTA,16S_Prey
321.2,N507,N710,F8,A,GYAATCACTTGTCTTTTAAATGAAGACC,GGATTGCGCTGTTATCCCTA,16S_Prey
343.2,N508,N710,G8,A,GYAATCACTTGTCTTTTAAATGAAGACC,GGATTGCGCTGTTATCCCTA,16S_Prey
345.2,N522,N710,H8,A,GYAATCACTTGTCTTTTAAATGAAGACC,GGATTGCGCTGTTATCCCTA,16S_Prey
58.3,N502,N711,A9,A,GYAATCACTTGTCTTTTAAATGAAGACC,GGATTGCGCTGTTATCCCTA,16S_Prey
60.3,N503,N711,B9,A,GYAATCACTTGTCTTTTAAATGAAGACC,GGATTGCGCTGTTATCCCTA,16S_Prey
61.3,N504,N711,C9,A,GYAATCACTTGTCTTTTAAATGAAGACC,GGATTGCGCTGTTATCCCTA,16S_Prey
63.3,N517,N711,D9,A,GYAATCACTTGTCTTTTAAATGAAGACC,GGATTGCGCTGTTATCCCTA,16S_Prey
70.3,N506,N711,E9,A,GYAATCACTTGTCTTTTAAATGAAGACC,GGATTGCGCTGTTATCCCTA,16S_Prey
282.3,N507,N711,F9,A,GYAATCACTTGTCTTTTAAATGAAGACC,GGATTGCGCTGTTATCCCTA,16S_Prey
283.3,N508,N711,G9,A,GYAATCACTTGTCTTTTAAATGAAGACC,GGATTGCGCTGTTATCCCTA,16S_Prey
284.3,N522,N711,H9,A,GYAATCACTTGTCTTTTAAATGAAGACC,GGATTGCGCTGTTATCCCTA,16S_Prey
285.3,N502,N712,A10,A,GYAATCACTTGTCTTTTAAATGAAGACC,GGATTGCGCTGTTATCCCTA,16S_Prey
287.3,N503,N712,B10,A,GYAATCACTTGTCTTTTAAATGAAGACC,GGATTGCGCTGTTATCCCTA,16S_Prey
318.3,N504,N712,C10,A,GYAATCACTTGTCTTTTAAATGAAGACC,GGATTGCGCTGTTATCCCTA,16S_Prey
319.3,N517,N712,D10,A,GYAATCACTTGTCTTTTAAATGAAGACC,GGATTGCGCTGTTATCCCTA,16S_Prey
320.3,N506,N712,E10,A,GYAATCACTTGTCTTTTAAATGAAGACC,GGATTGCGCTGTTATCCCTA,16S_Prey
321.3,N507,N712,F10,A,GYAATCACTTGTCTTTTAAATGAAGACC,GGATTGCGCTGTTATCCCTA,16S_Prey
343.3,N508,N712,G10,A,GYAATCACTTGTCTTTTAAATGAAGACC,GGATTGCGCTGTTATCCCTA,16S_Prey
345.3,N522,N712,H10,A,GYAATCACTTGTCTTTTAAATGAAGACC,GGATTGCGCTGTTATCCCTA,16S_Prey
T+.1,N506,N701,A11,A,GYAATCACTTGTCTTTTAAATGAAGACC,GGATTGCGCTGTTATCCCTA,16S_Prey
T+.2,N507,N702,B11,A,GYAATCACTTGTCTTTTAAATGAAGACC,GGATTGCGCTGTTATCCCTA,16S_Prey
Ref1_Aug19,S502,N701,A1,A,GYAATCACTTGTCTTTTAAATGAAGACC,GGATTGCGCTGTTATCCCTA,18S
Ref2_Aug19,S502,N702,A2,A,GYAATCACTTGTCTTTTAAATGAAGACC,GGATTGCGCTGTTATCCCTA,18S
S200_Aug19,S502,N703,A3,A,GYAATCACTTGTCTTTTAAATGAAGACC,GGATTGCGCTGTTATCCCTA,18S
N25_Aug19,S502,N704,A4,A,GYAATCACTTGTCTTTTAAATGAAGACC,GGATTGCGCTGTTATCCCTA,18S
S25_Aug19,S502,N705,A5,A,GYAATCACTTGTCTTTTAAATGAAGACC,GGATTGCGCTGTTATCCCTA,18S
N100_Aug19,S502,N706,A6,A,GYAATCACTTGTCTTTTAAATGAAGACC,GGATTGCGCTGTTATCCCTA,18S
SW25_Aug19,S503,N701,B1,A,GYAATCACTTGTCTTTTAAATGAAGACC,GGATTGCGCTGTTATCCCTA,18S
SW200_Aug19,S503,N702,B2,A,GYAATCACTTGTCTTTTAAATGAAGACC,GGATTGCGCTGTTATCCCTA,18S
NE100_Aug19,S503,N703,B3,A,GYAATCACTTGTCTTTTAAATGAAGACC,GGATTGCGCTGTTATCCCTA,18S
SW100_Aug19,S503,N704,B4,A,GYAATCACTTGTCTTTTAAATGAAGACC,GGATTGCGCTGTTATCCCTA,18S
S100_Aug19,S503,N705,B5,A,GYAATCACTTGTCTTTTAAATGAAGACC,GGATTGCGCTGTTATCCCTA,18S
CDE_Aug19,S503,N706,B6,A,GYAATCACTTGTCTTTTAAATGAAGACC,GGATTGCGCTGTTATCCCTA,18S
4B_MW1,S504,N701,C1,A,GYAATCACTTGTCTTTTAAATGAAGACC,GGATTGCGCTGTTATCCCTA,18S
4B_MW2,S504,N702,C2,A,GYAATCACTTGTCTTTTAAATGAAGACC,GGATTGCGCTGTTATCCCTA,18S
4B_MW3,S504,N703,C3,A,GYAATCACTTGTCTTTTAAATGAAGACC,GGATTGCGCTGTTATCCCTA,18S
4B_DL4,S504,N704,C4,A,GYAATCACTTGTCTTTTAAATGAAGACC,GGATTGCGCTGTTATCCCTA,18S
4B_DL5,S504,N705,C5,A,GYAATCACTTGTCTTTTAAATGAAGACC,GGATTGCGCTGTTATCCCTA,18S
4B_DL6,S504,N706,C6,A,GYAATCACTTGTCTTTTAAATGAAGACC,GGATTGCGCTGTTATCCCTA,18S
YZF_DL1,S517,N701,D1,A,GYAATCACTTGTCTTTTAAATGAAGACC,GGATTGCGCTGTTATCCCTA,18S
YZF_DL5,S517,N702,D2,A,GYAATCACTTGTCTTTTAAATGAAGACC,GGATTGCGCTGTTATCCCTA,18S
S1_DL3,S517,N703,D3,A,GYAATCACTTGTCTTTTAAATGAAGACC,GGATTGCGCTGTTATCCCTA,18S
S1_DL4,S517,N704,D4,A,GYAATCACTTGTCTTTTAAATGAAGACC,GGATTGCGCTGTTATCCCTA,18S
S2_DL4,S517,N705,D5,A,GYAATCACTTGTCTTTTAAATGAAGACC,GGATTGCGCTGTTATCCCTA,18S
RB_EL2,S517,N706,D6,A,GYAATCACTTGTCTTTTAAATGAAGACC,GGATTGCGCTGTTATCCCTA,18S