Sample_name,file1,file2,i7_Index_Name,i5_Index_Name,Well,PrimerF,PrimerR,Locus
58.2,58-2_S1_L001_R1_001.fastq,58-2_S1_L001_R2_001.fastq,N709,N502,A7,GYAATCACTTGTCTTTTAAATGAAGACC,GGATTGCGCTGTTATCCCTA,16S_Prey
60.2,60-2_S2_L001_R1_001.fastq,60-2_S2_L001_R2_001.fastq,N709,N503,B7,GYAATCACTTGTCTTTTAAATGAAGACC,GGATTGCGCTGTTATCCCTA,16S_Prey
61.2,61-2_S3_L001_R1_001.fastq,61-2_S3_L001_R2_001.fastq,N709,N504,C7,GYAATCACTTGTCTTTTAAATGAAGACC,GGATTGCGCTGTTATCCCTA,16S_Prey
63.2,63-2_S4_L001_R1_001.fastq,63-2_S4_L001_R2_001.fastq,N709,N517,D7,GYAATCACTTGTCTTTTAAATGAAGACC,GGATTGCGCTGTTATCCCTA,16S_Prey
70.2,70-2_S5_L001_R1_001.fastq,70-2_S5_L001_R2_001.fastq,N709,N506,E7,GYAATCACTTGTCTTTTAAATGAAGACC,GGATTGCGCTGTTATCCCTA,16S_Prey
282.2,282-2_S6_L001_R1_001.fastq,282-2_S6_L001_R2_001.fastq,N709,N507,F7,GYAATCACTTGTCTTTTAAATGAAGACC,GGATTGCGCTGTTATCCCTA,16S_Prey
283.2,283-2_S7_L001_R1_001.fastq,283-2_S7_L001_R2_001.fastq,N709,N508,G7,GYAATCACTTGTCTTTTAAATGAAGACC,GGATTGCGCTGTTATCCCTA,16S_Prey
284.2,284-2_S8_L001_R1_001.fastq,284-2_S8_L001_R2_001.fastq,N709,N522,H7,GYAATCACTTGTCTTTTAAATGAAGACC,GGATTGCGCTGTTATCCCTA,16S_Prey
285.2,285-2_S9_L001_R1_001.fastq,285-2_S9_L001_R2_001.fastq,N710,N502,A8,GYAATCACTTGTCTTTTAAATGAAGACC,GGATTGCGCTGTTATCCCTA,16S_Prey
287.2,287-2_S10_L001_R1_001.fastq,287-2_S10_L001_R2_001.fastq,N710,N503,B8,GYAATCACTTGTCTTTTAAATGAAGACC,GGATTGCGCTGTTATCCCTA,16S_Prey
318.2,318-2_S11_L001_R1_001.fastq,318-2_S11_L001_R2_001.fastq,N710,N504,C8,GYAATCACTTGTCTTTTAAATGAAGACC,GGATTGCGCTGTTATCCCTA,16S_Prey
319.2,319-2_S12_L001_R1_001.fastq,319-2_S12_L001_R2_001.fastq,N710,N517,D8,GYAATCACTTGTCTTTTAAATGAAGACC,GGATTGCGCTGTTATCCCTA,16S_Prey
320.2,320-2_S13_L001_R1_001.fastq,320-2_S13_L001_R2_001.fastq,N710,N506,E8,GYAATCACTTGTCTTTTAAATGAAGACC,GGATTGCGCTGTTATCCCTA,16S_Prey
321.2,321-2_S14_L001_R1_001.fastq,321-2_S14_L001_R2_001.fastq,N710,N507,F8,GYAATCACTTGTCTTTTAAATGAAGACC,GGATTGCGCTGTTATCCCTA,16S_Prey
343.2,343-2_S15_L001_R1_001.fastq,343-2_S15_L001_R2_001.fastq,N710,N508,G8,GYAATCACTTGTCTTTTAAATGAAGACC,GGATTGCGCTGTTATCCCTA,16S_Prey
345.2,345-2_S16_L001_R1_001.fastq,345-2_S16_L001_R2_001.fastq,N710,N522,H8,GYAATCACTTGTCTTTTAAATGAAGACC,GGATTGCGCTGTTATCCCTA,16S_Prey
58.3,58-3_S17_L001_R1_001.fastq,58-3_S17_L001_R2_001.fastq,N711,N502,A9,GYAATCACTTGTCTTTTAAATGAAGACC,GGATTGCGCTGTTATCCCTA,16S_Prey
60.3,60-3_S18_L001_R1_001.fastq,60-3_S18_L001_R2_001.fastq,N711,N503,B9,GYAATCACTTGTCTTTTAAATGAAGACC,GGATTGCGCTGTTATCCCTA,16S_Prey
61.3,61-3_S19_L001_R1_001.fastq,61-3_S19_L001_R2_001.fastq,N711,N504,C9,GYAATCACTTGTCTTTTAAATGAAGACC,GGATTGCGCTGTTATCCCTA,16S_Prey
63.3,63-3_S20_L001_R1_001.fastq,63-3_S20_L001_R2_001.fastq,N711,N517,D9,GYAATCACTTGTCTTTTAAATGAAGACC,GGATTGCGCTGTTATCCCTA,16S_Prey
70.3,70-3_S21_L001_R1_001.fastq,70-3_S21_L001_R2_001.fastq,N711,N506,E9,GYAATCACTTGTCTTTTAAATGAAGACC,GGATTGCGCTGTTATCCCTA,16S_Prey
282.3,282-3_S22_L001_R1_001.fastq,282-3_S22_L001_R2_001.fastq,N711,N507,F9,GYAATCACTTGTCTTTTAAATGAAGACC,GGATTGCGCTGTTATCCCTA,16S_Prey
283.3,283-3_S23_L001_R1_001.fastq,283-3_S23_L001_R2_001.fastq,N711,N508,G9,GYAATCACTTGTCTTTTAAATGAAGACC,GGATTGCGCTGTTATCCCTA,16S_Prey
284.3,284-3_S24_L001_R1_001.fastq,284-3_S24_L001_R2_001.fastq,N711,N522,H9,GYAATCACTTGTCTTTTAAATGAAGACC,GGATTGCGCTGTTATCCCTA,16S_Prey
285.3,285-3_S25_L001_R1_001.fastq,285-3_S25_L001_R2_001.fastq,N712,N502,A10,GYAATCACTTGTCTTTTAAATGAAGACC,GGATTGCGCTGTTATCCCTA,16S_Prey
287.3,287-3_S26_L001_R1_001.fastq,287-3_S26_L001_R2_001.fastq,N712,N503,B10,GYAATCACTTGTCTTTTAAATGAAGACC,GGATTGCGCTGTTATCCCTA,16S_Prey
318.3,318-3_S27_L001_R1_001.fastq,318-3_S27_L001_R2_001.fastq,N712,N504,C10,GYAATCACTTGTCTTTTAAATGAAGACC,GGATTGCGCTGTTATCCCTA,16S_Prey
319.3,319-3_S28_L001_R1_001.fastq,319-3_S28_L001_R2_001.fastq,N712,N517,D10,GYAATCACTTGTCTTTTAAATGAAGACC,GGATTGCGCTGTTATCCCTA,16S_Prey
320.3,320-3_S29_L001_R1_001.fastq,320-3_S29_L001_R2_001.fastq,N712,N506,E10,GYAATCACTTGTCTTTTAAATGAAGACC,GGATTGCGCTGTTATCCCTA,16S_Prey
321.3,321-3_S30_L001_R1_001.fastq,321-3_S30_L001_R2_001.fastq,N712,N507,F10,GYAATCACTTGTCTTTTAAATGAAGACC,GGATTGCGCTGTTATCCCTA,16S_Prey
343.3,343-3_S31_L001_R1_001.fastq,343-3_S31_L001_R2_001.fastq,N712,N508,G10,GYAATCACTTGTCTTTTAAATGAAGACC,GGATTGCGCTGTTATCCCTA,16S_Prey
345.3,345-3_S32_L001_R1_001.fastq,345-3_S32_L001_R2_001.fastq,N712,N522,H10,GYAATCACTTGTCTTTTAAATGAAGACC,GGATTGCGCTGTTATCCCTA,16S_Prey
T+.1,T+-1_S33_L001_R1_001.fastq,T+-1_S33_L001_R2_001.fastq,N701,N506,A11,GYAATCACTTGTCTTTTAAATGAAGACC,GGATTGCGCTGTTATCCCTA,16S_Prey
T+.2,T+-2_S34_L001_R1_001.fastq,T+-2_S34_L001_R2_001.fastq,N702,N507,B11,GYAATCACTTGTCTTTTAAATGAAGACC,GGATTGCGCTGTTATCCCTA,16S_Prey